Acct_Num,Cust_Name,Email,DOB,Account_Balance
CB-10001,Robert Smith,robert.smith@email.com,1985-03-15,15420.50
CB-10002,Maria Garcia,maria.garcia@email.com,1990-07-22,8200.00
CB-10003,James Wilson,james.wilson@bank.com,1978-11-01,32100.75
CB-10004,Linda Chen,linda.chen@email.com,1995-02-14,5500.00
CB-10005,David Patel,david.patel@corp.com,1982-06-30,12000.00
CB-10006,Susan Okafor,susan.okafor@email.com,1970-09-08,67800.25
CB-10007,Kevin Nguyen,k.nguyen@webmail.com,1988-12-03,3400.00
CB-10008,Rachel Torres,rachel.torres@email.com,1993-05-19,9100.50
CB-10009,Michael Brown,m.brown@company.com,1965-01-27,21500.00
CB-10010,Patricia Lee,p.lee@email.com,1998-08-11,4750.00
