Card_ID,Full_Name,Phone_Num,SSN,Email,Credit_Limit
CC-88001,Rob Smith,(555) 310-4400,467-88-1234,,8500.00
CC-88002,Maria Gracia,555.210.7890,,maria.garcia@email.com,12000.00
CC-88003,Nancy Foster,(555) 901-2233,219-45-6789,,5000.00
CC-88004,LINDA CHEN,555-214-9900,302-77-8812,,7500.00
CC-88005,David Patel,(555) 630-1122,519-23-4401,,15000.00
CC-88006,Susan Okafor,5557340088,634-19-2255,,20000.00
CC-88007,Kevin Nguyen,(555) 812-3344,721-55-9930,,6000.00
CC-88008,Rachel Torres,555.519.6677,843-62-1177,,10000.00
CC-88009,Michael Brown,(555) 127-8899,956-34-7720,,25000.00
CC-88010,Carlos Mendez,(555) 441-0033,112-84-5563,,18000.00
