Loan_ID,First_Name,Last_Name,SSN,Contact_Number,Loan_Amount
ML-55001,Robert,Smyth,467-88-1234,(555) 310-4400,320000.00
ML-55002,John,Wilson,291-60-3347,555.774.8822,185000.00
ML-55003,Nancy,Foster,219-45-6789,(555) 901-2233,210000.00
ML-55004,Linda,Chen,302-77-8812,555-214-9900,400000.00
ML-55005,David,Patel,519-23-4401,(555) 630-1122,275000.00
ML-55006,Susan,Okafor,634-19-2255,5557340088,550000.00
ML-55007,Kevin,Nguyen,721-55-9930,(555) 812-3344,195000.00
ML-55008,Rachel,Torres,843-62-1177,555.519.6677,310000.00
ML-55009,Michael,Brown,956-34-7720,(555) 127-8899,430000.00
ML-55010,Carlos,Mendez,112-84-5563,(555) 441-0033,225000.00
